"";"Funcao";"ente";"2002";"2003";"2004";"2005";"2006";"2007";"2008";"2009";"2010";"2011";"2012";"2013";"2014";"2015";"2016";"2017";"2018";"2019";"2020"
"1";"01 - Legislativa";"Consolidado";9457,47798173;11921,06395865;12832,0038920032;13726,35150972;15606,34706148;17353,64962867;19209,02201811;21542,51085986;21997,76499718;22510,77250927;23276,80818731;28095,53722596;27470,26986664;32612,2034323;33466,62524076;35011,38183355;37371;38294;40196
"2";"02 - Judiciária";"Consolidado";18361,40076177;21357,77423211;23765,8125525496;26324,82997762;30764,81661901;33887,58009208;36735,87843686;41894,26224143;41868,30528598;44868,125448;47101,90893153;50241,98589072;56061,69467615;64246,9967324;67200,81204668;71393,79169135;75446;79345;78521
"3";"03 - Essencial à Justiça";"Consolidado";3110,27486869;3859,45646086;5789,20227163;6635,86067971;7875,46189856;9458,75394004;13422,82276075;14579,50331295;15040,81042331;15476,20789342;14872,50420531;16147,95986761;17882,70292873;21856,1816974;23735,0551159;25167,19975386;27125;28724;29958
"4";"04 - Administração";"Consolidado";30569,92848412;34542,54542228;40257,0664148562;41261,81907156;47120,19785094;59634,02672391;65046,68369122;72429,15963135;78397,4546257;79443,6405915101;85872,73195934;100229,80660291;103109,11180854;108079,29712347;106205,37541218;111497,80649181;125853;120249,4;129659
"5";"05 - Defesa Nacional";"Consolidado";17545,29442084;11611,971319;13583,73025703;16677,34723643;16653,80550672;19335,21995594;22194,79736762;26170,62566963;31858,70029106;31928,31225456;36587,84948664;37319,4142057;39742,01752042;40962,3987758;61613,27670117;68172,12435085;76372;83864;81953
"6";"06 - Segurança Pública";"Consolidado";16458,02283677;22628,87954704;23622,5959702729;26654,99993888;31870,20559898;36193,85646397;41155,79724411;48254,22070083;49196,12725094;53794,52344068;52525,36632895;55187,78526562;66303,8767419;80374,64238418;85420,70507806;88385,09257444;96595;99051;103527
"7";"07 - Relações Exteriores";"Consolidado";1714,30640418;1174,23934123;1364,02315296;1535,70611527;1373,20338709;1420,49192542;1847,6820675;1559,17799112;1802,06920538;1817,25199517;2167,85824287;2144,15366191;2307,97219017;3021,30773431;2777,35787948;2855,59876688;3108;3199;3734
"8";"08 - Assistência Social";"Consolidado";12946,36443474;14106,38485241;18956,2522761411;21577,40143525;28486,38157507;32948,89311994;38195,80145265;44136,25546796;51930,89134359;59064,10577892;71196,09651415;82195,4284032;87279,72373818;93429,74753421;98644,02444526;105505,71139842;111378;118167;451207
"9";"09 - Previdência Social";"Consolidado";145681,85031429;168799,94093299;195618,98982637;221180,00918905;250992,94496415;277223,98625806;315797,59362223;361167,0623229;402368,2449173;447337,84388403;503728,35985367;552921,21210905;617409,09556345;688811,21036748;767917,81670454;838339,54724615;890687;949664;1008994
"10";"10 - Saúde";"Consolidado";54952,53125736;71006,69226229;84223,59562795;92755,22551644;106687,88692468;124522,91114672;142781,7168934;166012,21187293;183321,27279633;198477,17401132;220885,13417304;252744,75577952;266233,65052698;308004,38683731;314067,05296913;340838,04135566;365629;374425;468857
"11";"11 - Trabalho";"Consolidado";20866,83943289;10400,42853847;11628,85940067;13766,835892274;17583,67327109;20847,61157074;24060,75051982;31118,54843233;33069,50958941;37882,29016069;44149,72528958;68306,84728761;73642,00279503;69135,65372798;74287,06105652;73254,77619487;74592;76254;79336
"12";"12 - Educação";"Consolidado";56236,38469901;80798,58300753;80694,3422696924;88311,50763503;101418,03109931;123035,5476736;146091,45291177;169190,49015597;192771,8272977;217031,3207736;233129,62025752;272575,20413746;282040,44503972;326495,78914699;325799,24351223;350171,79064297;368948;374771;369016
"13";"13 - Cultura";"Consolidado";2421,98148915;2135,36558421;2243,74521427;2792,65988021;3457,36128456;4118,7194155;5149,80357769;5847,36181512;7024,47178761;7093,46832459;7854,37489869;8951,28390906;8527,27480209;8582,72096246;8020,59026295;8405,71668186;9189;9253;9745
"14";"14 - Direitos da Cidadania";"Consolidado";1318,51477934;2232,46382072;2758,54683336;3334,37271568;4090,125667;4542,71333926;5692,26962539;6541,87237189;7387,66008803;7864,75726113;9058,37873517;11270,91250901;12105,96627417;12236,69945713;14330,68705642;13914,53450546;15379;16483;15472
"15";"15 - Urbanismo";"Consolidado";12393,08065333;14730,81387207;17066,6410698526;16300,63591766;21422,75630661;27682,47167511;34362,8713945;33221,18700543;41821,8738441;41689,14378812;48996,76688706;52720,44315942;57231,60261374;59698,79767965;57751,69682653;56760,24627813;64384;69016;87894
"16";"16 - Habitação";"Consolidado";1451,87049432;1635,86086707;2343,97801467;2788,09992725;3554,09513199;3242,00516563;5314,1810045;5945,10351677;6542,10828229;6911,99639586;6878,84494303;6283,45348088;5273,37797944;5399,08052969;4782,08128748;4672,65790578;3884;4079;4161
"17";"17 - Saneamento";"Consolidado";5829,41181131;5411,021287;5453,80098207478;5564,2930287;7629,8136484;9846,07930587;12461,57187533;13211,65879809;13842,90747755;12987,73530092;15279,06396753;19289,77541379;16293,92370463;17574,19443448;15921,82950259;16460,11918465;18491;17746;19760
"18";"18 - Gestão Ambiental";"Consolidado";3390,6822142;3587,89199657;3827,27937020812;4680,74593451;4506,64405362;6395,03435234;7609,23017681;8183,90967023;9121,85547266;9225,58144313;11706,90460086;14287,22863207;14550,24791833;13303,28682807;14112,09916198;13105,99017827;14942;14643;15465
"19";"19 - Ciência e Tecnologia";"Consolidado";2284,23027441;2977,90404129;3822,3978608;4724,40634126;5313,94297003;6172,26146319;6790,44192974;8608,74430629;10146,66983145;9851,83553932;11075,27725982;14015,21103421;12879,39073167;12348,83976953;11092,35272672;11240,22855704;11411;10907;10688
"20";"20 - Agricultura";"Consolidado";8221,25523553;9789,36069135;10943,3330046366;12241,52508548;14324,91086617;16019,80598635;15600,17374413;21249,11094292;21279,16042372;22273,17178184;23316,07376314;28826,33679926;27404,52314388;30402,91704165;34522,68088697;32272,61278847;33472;31471;30618
"21";"21 - Organização Agrária";"Consolidado";1497,12343288;1532,81856437;2751,09268146;3735,99210418;4354,57591254;4932,55326539;4619,33857277;5038,2694756;4422,71163285;4345,05171619;6079,61108732;7839,49235183;4605,37744484;3206,93454692;3145,20011077;2967,90269188;2881;2099;2128
"22";"22 - Indústria";"Consolidado";2054,21548375;1639,97271101;2455,61381480768;2719,55677227;3314,2156766;4122,30109428;3748,93486253;3596,20710597;3554,62004225;3431,70780861;3461,06716152;3891,46079518;3860,00828992;3578,15770469;3337,46609423;3009,75611404;3346;3088;2569
"23";"23 - Comércio e Serviços";"Consolidado";3576,385143;3787,69456552;3413,14014689275;4272,78592709;4508,01826183;5241,33172583;6467,72678757;7224,1454405;6935,00727748;7126,65866708;7567,2000894;8935,41671445;8898,62416285;7523,44093972;6433,90306114;6329,8093285;8641;6806;11908
"24";"24 - Comunicações";"Consolidado";3663,84009798;972,11640232;973,731855712107;952,90347444;1013,58023577;1469,0370642;1399,95750208;1543,51854688;2153,78788489;1939,40426304;2423,6157201;3037,04801418;2523,71320592;2687,10799924;2435,48701299;2330,85708342;2382;2575;3184
"25";"25 - Energia";"Consolidado";8348,60500055;4771,59887092;1333,2109317;1757,23971668;2687,93102776;1655,23531746;1655,1538944;2136,02841939;1610,77616215;1575,02513321;2272,56858294;3056,69075666;2229,51720966;3257,05071182;2976,43474023;3378,55647909;3790;4433;3847
"26";"26 - Transporte";"Consolidado";28765,69449361;14365,32660215;17692,5168357285;23006,74217377;23956,14667377;32305,35775804;39589,32130214;48800,35135537;58377,02284157;51619,98149531;54155,67264496;62075,85737376;61940,02249439;57067,27435462;53677,56907351;55845,53001716;54183;49038;54535
"27";"27 - Desporto e Lazer";"Consolidado";1250,104018291;1404,0998954;1639,07268844941;1811,97299811;2824,08983443;4014,57987042;3974,52018608;3624,59446554;4728,43485274;5698,25865149;6185,60385218;9979,05322046;8326,98128933;7485,6709732;5983,34692939;5377,51925936;5811;5703;5350
"28";"28 - Encargos Especiais";"Consolidado";474280,16118748;677883,5025091;673875,271784672;836621,06373134;864695,83489251;851614,46297112;853863,25233358;935301,19875466;960336,96684981;1079897,74456111;1152392,64998541;1125158,49806497;1436040,17425378;1447988,63149729;1619676,56049202;1465309,51105091;1605987;1657106;2088155
"29";"01 - Legislativa";"Municípios";2728,77743861;3842,53177208;3667,78093130316;3579,4142851;4267,47152326;5188,3402014;5616,08831018;6990,60796222;7209,88138865;7131,71089189001;7641,93322678;16246,04188252;9528,35617232;12154,82416533;11892,08180015;13930,14865443;14579;14808;16017
"30";"02 - Judiciária";"Municípios";264,77718243;317,81217535;325,567303589633;337,48954627;399,06701102;475,08672329;556,57344792;643,75261386;705,17840016;696,54744109;711,15180309;875,15472337;852,65652304;1125,08685515;1277,59020388;1535,91050015;1653;1656;1892
"31";"03 - Essencial à Justiça";"Municípios";80,86473203;89,86142179;71,64559509;67,43455914;138,33716629;178,78178911;239,55510657;263,50723188;354,14245676;386,27706847;445,42871669;512,48619963;478,32472608;515,24248519;670,77039972;676,76535946;701;728;801
"32";"04 - Administração";"Municípios";11305,80743818;16006,66848491;15895,2871888862;16122,93251125;19877,79914735;24950,02885039;27290,77341171;31539,17475001;35779,75113996;36541,6349388401;38697,20913517;48272,48825334;50904,57309662;55576,81964247;50577,08290094;56891,18451539;63651;63093,8;72047
"33";"05 - Defesa Nacional";"Municípios";17,68217675;41,83402433;10,42015072;12,18714487;17,70724694;13,50418724;14,66375485;23,48583689;19,55819362;25,56840578;11,75497323;15,32981903;15,33329765;25,68608;16,83000727;20,97883587;19;33;40
"34";"06 - Segurança Pública";"Municípios";557,44069363;718,133506;867,366042482919;840,87526002;1046,11953524;1321,08148233;1626,60950527;1921,19579142;2286,30586244;2579,29501391;3194,49200682;3596,05982219;3736,99044262;4628,95077183;4834,1168587;5129,39822727;5796;6114;6808
"35";"07 - Relações Exteriores";"Municípios";7,97889025;9,9571382;50,0591964;3,48096052;3,87661182;6,98732021;3,79752715;7,91281028;8,50223687;16,98163778;7,57988275;9,52622083;3,97216463;4,6832777;5,29578168;4,8703398;2;0;1
"36";"08 - Assistência Social";"Municípios";2423,80807028;3530,81961656;3321,94712624109;3465,47753907;4341,49436332;5615,26449782;6465,83862109;7213,79944354;8859,59474702;9086,9545777;10071,82687144;12145,92051338;12099,90187094;14360,53480726;13764,16155408;15248,658275;17159;16826;20972
"37";"09 - Previdência Social";"Municípios";4387,48603987;5231,10409007;6677,23153352;6524,1389945;7847,74673469;10748,08524881;12631,54650244;13975,02910951;14532,49087923;15750,13104806;19682,13638313;24362,14891631;25674,65215765;30753,24863571;34466,34947248;40869,3325559;47447;51677;56640
"38";"10 - Saúde";"Municípios";17077,34051646;23982,04954121;25168,45169304;26341,18763143;32737,6169761;41591,76791982;48598,89215768;57250,21993603;66996,81622603;69674,6338499299;77733,0621441999;100456,97007927;97380,93124413;118017,92534509;116577,9636194;131794,17189952;145479;145548;183498
"39";"11 - Trabalho";"Municípios";364,91846658;375,17645759;400,68840578;339,90324228;428,69321128;594,3849105;689,68832178;786,66662882;781,64901767;763,17378996;850,36453396;1381,72148702;1302,2176197;1177,04401337;890,96479232;906,75781799;1033;1059;1310
"40";"12 - Educação";"Municípios";19812,07896897;27689,00672526;27204,9539296924;29173,33607001;35298,958148;46994,83798313;53972,1671402;61937,21155901;73432,58004592;77271,74742248;83462,9844190799;109862,84263068;104529,57326357;128865,89407862;123430,1792584;142755,50520261;155655;154654;160455
"41";"13 - Cultura";"Municípios";872,76009186;1157,17222486;1083,56361931;1155,93320357;1538,62295932;1964,75477882;2513,40428031;2535,17730704;3152,26892585;3462,38802901;3573,6905234;4061,77665355;4136,66319945;4402,50921151;3909,97921453;4238,25545988;4759;5131;4950
"42";"14 - Direitos da Cidadania";"Municípios";38,66059374;53,13307905;45,8796577;63,71300643;108,33440455;117,95462641;128,1669538;145,65706631;272,66962091;260,0140897;308,61418861;352,25161335;292,76227115;518,89198223;540,90051597;561,71804617;642;694;1112
"43";"15 - Urbanismo";"Municípios";10108,58779248;13016,12204852;14223,8130663026;12517,47447617;16880,57655743;21575,61153836;26578,61367749;24497,01204687;31197,93390013;33388,05158534;39112,81162079;41035,49789881;45504,04875877;50001,80246097;48242,81071061;44888,06901115;52112;56892;73660
"44";"16 - Habitação";"Municípios";907,5892549;945,62832386;972,51764453;823,05384898;1099,41834417;1374,08527507;2135,13916394;2846,92886599;3319,64140399;3419,91790685;3778,35756656;3255,22591526;2382,12316246;2934,6539465;2569,07920045;2207,19633423;2345;2483;2415
"45";"17 - Saneamento";"Municípios";2707,6290682;3177,08123133;2960,28972805478;2878,28005562;4211,40361431;5394,35837387;6319,29896631;7024,59385017;8833,24023814;8430,25137907;9926,95511084001;12081,02237471;10743,15738782;12874,05258302;12370,24576148;12288,11914222;14244;15099;16610
"46";"18 - Gestão Ambiental";"Municípios";688,01732356;888,26621204;975,773828938119;761,00884283;1161,87116915;1478,15192148;1867,73712464;1972,74092923;2401,51631091;2698,5547042;3127,71599428;3689,85028427;3756,79558888;4430,38631714;4231,57861969;4487,07650502;5406;5703;6439
"47";"19 - Ciência e Tecnologia";"Municípios";20,64738;26,64731097;42,12472982;50,94308348;59,3862299;54,22991397;71,55401376;103,75112486;144,98536537;178,08330357;228,5953722;195,742652;1063,75422972;287,38822685;267,0181651;250,03222022;258;304;289
"48";"20 - Agricultura";"Municípios";773,3268759;934,41591572;835,766045276554;850,24694165;1090,57614901;1416,54251001;1703,66698022;1741,18204208;2193,42509562;2185,71767004;2267,45762846;2681,66519713;2787,85479158;3118,17696204;2749,16436552;3117,42285458;3799;3802;4477
"49";"21 - Organização Agrária";"Municípios";4,65123181;3,86172332;1,6439161;4,61617039;4,39995841;3,31177547;2,53453579;6,08548855;3,44173678;5,80218597;2,62394011;2,27741833;10,39957229;7,71703774;15,56173969;11,04791251;38;27;31
"50";"22 - Indústria";"Municípios";154,86546853;175,61678705;173,236629377678;151,76123091;182,96519819;240,54070046;304,04569172;250,53947687;339,41142695;348,80220545;356,25291233;349,14134162;446,29621964;384,49939865;329,52927366;308,3451854;341;476;356
"51";"23 - Comércio e Serviços";"Municípios";371,5616248;513,69371263;498,770390432755;504,00519258;658,54035659;887,15545295;1012,85382724;1010,50981215;1331,48843799;1432,9306669;1618,93283965;1575,15140826;1799,31823068;1674,93206991;1487,50135079;1481,16527879;1789;2020;2140
"52";"24 - Comunicações";"Municípios";120,52211186;168,3567823;148,136244422107;102,71555814;147,0472937;228,05292185;188,60716216;242,88281465;369,64056302;466,65722283;435,63177752;483,34315901;310,62804781;612,44827237;389,09397623;425,67346411;514;575;471
"53";"25 - Energia";"Municípios";292,56856134;383,02037762;488,65292767;545,54964146;541,62475578;775,50055585;786,35374144;884,51574811;699,03613258;666,2756125;717,726821669999;796,97981406;621,57009742;1103,87253442;1122,15799978;1283,75845793;1720;1782;2278
"54";"26 - Transporte";"Municípios";2814,49981163;3577,59658941;3968,78893926845;3507,52065188;4671,60454716;5710,84987785;7222,79634828;6782,44411633;8609,3444681;7591,68851704999;8804,03265744;9567,20900242;6984,09037337;11467,52670528;11846,18553667;11510,10656416;13629;14499;17772
"55";"27 - Desporto e Lazer";"Municípios";802,27037834;1049,43811247;1102,12016309941;1002,26703309;1517,86794095;1995,53079993;2175,68552223;1921,11566997;2689,80419434;2842,27811728;3045,68276709;3249,18073053;3518,34238535;4481,80097888;3642,20439135;3111,79432994;3578;4020;4048
"56";"28 - Encargos Especiais";"Municípios";3999,24435599;5259,01702675;5733,28721221213;5665,31987187;7268,72394467;8660,80059303;10213,31429317;10657,24443581;12594,09740888;13791,23830099;14257,56329183;16246,04188252;16416,84876189;17550,77607247;18505,04328426;20954,24541828;23478;24291;22797
"57";"01 - Legislativa";"Estados";4254,34610166;5003,51399456;5628,71018244;6340,15629104;7147,16340123;7802,6119706;8905,69772618;9388,02276633;9810,22695802;10081,19989996;10330,2425523;11553,87270047;12060,6512612;14198,94190137;15262,6521773;14713,56969809;16271;16740;17606
"58";"02 - Judiciária";"Estados";9909,68850709;12680,14911249;12909,30960049;15312,74144999;17565,95470265;19341,25183631;19678,62451413;20786,9038415;21397,80507343;24310,67174289;24788,61536881;26654,49844755;29947,79701836;35725,1859232;37607,46656838;39309,21077698;41939;44521;43888
"59";"03 - Essencial à Justiça";"Estados";1985,70896633;2413,53540318;3591,47901707;4237,59791076;5087,58964539;6037,94951496;9238,43415597;9321,27466431;9975,73013539;10079,36990882;10833,32301036;11477,58841872;12725,9920743;15866,23424984;17442,76832411;18284,52520768;20154;21361;22234
"60";"04 - Administração";"Estados";11035,38413567;11173,36983516;15425,24265104;16053,48931845;17203,48806306;22051,09554033;24646,6626218;23811,6927465;24897,99965962;25965,05361675;27488,74654755;32520,5211207;33252,23995819;33060,63641506;33827,28372723;29989,06871933;33769;32298,8;33579
"61";"05 - Defesa Nacional";"Estados";4911,09188092;0;0;1242,76133355;0;0;0;0;0;0;0;0;0;0;0;0;0;0;0
"62";"06 - Segurança Pública";"Estados";13698,13408404;19505,62291482;19987,37418184;22796,07351168;27374,46392775;30117,3938868;33551,17965938;38341,73378416;37902,90623267;44264,69628238;41452,35896914;43320,82223351;54509,48184639;67629,2501268;71770,50265434;73504,04674452;79437;82703;84237
"63";"07 - Relações Exteriores";"Estados";378,23476789;0,20780831;2,19677749;3,69151979;26,30708106;0,35149717;1,92186106;2,45718471;2,69460369;3,05413793;1,41867407;0,41147724;0;0,31814106;2,93125586;2,85472921;0;0;0
"64";"08 - Assistência Social";"Estados";4009,40524427;2159,21213511;1771,01014816;2305,83602264;2593,74692112;2624,66992783;2891,14618779;3586,91498147;3967,87465491;4413,50406092;4498,04127019;5420,40782942;4767,33390087;5854,47867699;5137,11831531;5556,59588427;5559;5385;6663
"65";"09 - Previdência Social";"Estados";18076,2735864;18091,28795865;23432,31882334;26150,34537461;30654,83343583;32596,15693975;45066,40166544;56112,77773634;62033,03886039;72332,03140434;84764,4335234;83279,84250567;97326,1497936;117754,19959857;138888,83633671;142671,55491025;159927;171857;186118
"66";"10 - Saúde";"Estados";12440,55117726;19852,79467294;26082,25804444;29930,77048658;34214,04540876;38000,91780559;44971,38726478;50613,01847428;55705,63367948;57935,19772731;64564,90389333;68476,98880096;76336,78115966;89624,61156712;91002,44161061;93285,78096468;101100;104770;122469
"67";"11 - Trabalho";"Estados";12024,15034084;530,41678763;521,43096953;710,018636504;737,57655435;656,43173193;841,27039146;1031,02482669;1052,23117481;893,73921299;1015,8784771;1000,62292065;932,44599397;863,20658004;997,27682617;866,90601596;1181;906;821
"68";"12 - Educação";"Estados";23201,55763355;38885,30670828;38956,46127709;42950,47621519;48782,83501611;54542,36882932;67050,46261627;70573,75207627;75277,62947508;86850,09920168;84302,61744588;87082,96136885;92085,5603734;106861,15649698;107823,27380136;109653,26820975;115252;118817;113553
"69";"13 - Cultura";"Estados";1309,69416967;746,85056787;836,26104086;1142,62849877;1366,74953042;1426,7834559;1774,61214994;2192,60766405;2532,67284818;2270,5522132;2431,1223287;2540,3031784;2629,86901469;2390,28325515;2246,80562107;2338,81890171;2505;2371;3592
"70";"14 - Direitos da Cidadania";"Estados";868,58915742;1784,88575935;2162,32366944;2442,00273022;3027,45470866;3513,31260359;4097,10492463;4827,05121458;5349,21674835;6273,08294776;7493,58309134;9467,96205329;10410,88412269;10489,46243487;11465,9889758;11667,37639601;13214;13485;12993
"71";"15 - Urbanismo";"Estados";1797,94314769;1371,83927774;1650,12008417;1671,73999455;2424,4403615;1723,38431658;3485,92295893;4013,45904863;5822,70846604;4108,44163033;5249,17836445;6952,78530088;7628,99898296;5376,2969379;5732,7907059;5570,25274505;6945;4715;5879
"72";"16 - Habitação";"Estados";417,11260954;567,9772924;882,0608082;1395,11916725;1287,70990422;1267,71384955;2134,29543993;2087,26976944;3047,00965561;2984,01863494;2535,21154696;2821,50919942;2843,66779865;2395,8181537;2174,83926009;2414,11001735;1520;1574;1669
"73";"17 - Saneamento";"Estados";3024,63996307;2175,25658602;2416,96138549;2597,74779668;3362,23163163;2896,6690746;4360,82654581;3168,10348429;3264,33378826;2904,45188089;2698,38860993;4255,80850798;3859,44689395;3606,5905149;2988,0221869;3313,29949164;3326;2132;2260
"74";"18 - Gestão Ambiental";"Estados";1437,78393834;1751,87636758;1658,06245822;1927,73262556;1846,84976327;1770,93431608;2102,41360612;2513,71680451;3170,03919925;2952,88670517;3223,73530584;4185,71748945;4196,50879963;4243,89452476;4519,71088134;4635,33269926;5109;4366;4464
"75";"19 - Ciência e Tecnologia";"Estados";756,87257999;958,06032444;1173,1923928;1399,00086808;1551,1015165;1907,61493809;1648,95542057;2314,97265046;2676,29647989;2894,39714586;3252,21356371;3360,81906883;3781,05412689;3855,23096953;3850,25486142;3991,15510198;4029;3653;3469
"76";"20 - Agricultura";"Estados";1947,52249826;2349,234195;2471,81513738;3063,6278683;3301,76696446;3450,96985857;4420,96145981;4785,07804791;4932,18802776;4886,22255323;5274,2744368;6414,08903571;6593,55541004;6593,46437959;6762,60211487;6930,24497623;7949;6764;6889
"77";"21 - Organização Agrária";"Estados";111,86489368;99,43957977;131,82190463;148,18048395;160,86110279;147,80938215;172,79193069;187,49790712;235,0366086;188,23009229;331,67224825;369,88442639;401,90676357;213,96027949;241,37297632;308,00788244;249;211;197
"78";"22 - Indústria";"Estados";1481,84166504;1025,02490876;733,858078;1073,04005692;1112,6918642;1123,5950919;1223,1095795;1744,02287107;1508,5767497;1364,95528399;1082,60421354;1466,67513967;1305,06652818;1160,8011595;851,2550085;623,68822993;973;883;657
"79";"23 - Comércio e Serviços";"Estados";1374,29649534;1207,45928238;829,94074418;925,21265877;1059,67499314;1480,81790697;2084,11829832;2178,11325734;1766,58716956;1993,52489682;1994,23653314;2373,71475793;2360,22757614;1678,45889515;1866,59465142;2071,307116;2244;2021;1991
"80";"24 - Comunicações";"Estados";2976,93763841;162,26475416;329,15106297;368,9655613;409,40221095;360,18775211;715,56812958;766,34698291;867,11583738;685,12577655;948,20143023;1224,54236048;815,19600634;768,93847003;767,42089139;783,61815864;648;729;1013
"81";"25 - Energia";"Estados";236,81271029;483,08563768;448,50607113;740,73572195;1718,6995513;361,89477403;368,84288218;441,54672146;284,42837787;339,04451752;821,89715923;1333,92992083;551,14743329;381,50763735;64,11438562;289,62699531;177;73;144
"82";"26 - Transporte";"Estados";20808,72406561;7739,63310152;10072,17967836;12776,27558296;12377,12911906;14434,29770367;19342,34374208;25512,5072742;29289,55656888;25012,02941027;23131,85091387;31819,6468761;34074,379638;29042,14092544;27867,42726699;29317,00801832;25680;22581;25247
"83";"27 - Desporto e Lazer";"Estados";183,156926321;194,81028975;265,53338893;386,63614902;570,32810399;606,48760167;837,61814018;721,2583785;1006,56304622;1707,31177949;1886,79217883;4417,68440446;2398,83474584;964,92309359;933,22684693;977,18826854;996;934;705
"84";"28 - Encargos Especiais";"Estados";35355,06038712;58531,98218021;65466,73469426;73437,28829914;78905,67143243;86149,88817981;101404,54060761;105557,80764016;117004,83216292;125379,45474877;135168,24819083;132662,04907627;148327,54900528;156255,55344502;141201,47169358;148471,18748748;165289;182692;147276
"85";"01 - Legislativa";"União";2474,35444146;3075,01819201;3535,51277826;3806,78093358;4191,71213699;4362,69745667;4687,23598175;5163,88013131;4977,65665051;5297,86171742;5304,63240823;5811,85200985;5881,26243312;6258,4373656;6311,89126331;6367,66348103;6521;6746;6573
"86";"02 - Judiciária";"União";8186,93507225;8359,81294427;10530,93564847;10674,59898136;12799,79490534;14071,24153248;16500,68047481;20463,60578607;19765,32181239;19860,90626402;21602,14175963;22712,3327198;25261,24113475;27396,72395405;28315,75527442;30548,67041422;31854;33168;32741
"87";"03 - Essencial à Justiça";"União";1043,70117033;1356,05963589;2126,07765947;2330,82820981;2649,53508688;3242,02263597;3944,83349821;4994,72141676;4710,93783116;5010,56091613;3593,75247826;4157,88524926;4678,38612835;5474,70496237;5621,51639207;6205,90918672;6270;6635;6923
"88";"04 - Administração";"União";8228,73691027;7362,50710221;8936,53657493;9085,39724186;10038,91064053;12632,90233319;13109,24765771;17078,29213484;17719,70382612;16936,95203592;19686,77627662;19436,79722887;18952,29875373;19441,84106594;21801,00878401;24617,55325709;28433;24856,8;24033
"89";"05 - Defesa Nacional";"União";12616,52036317;11570,13729467;13573,31010631;15422,39875801;16636,09825978;19321,7157687;22180,13361277;26147,13983274;31839,14209744;31902,74384878;36576,09451341;37304,08438667;39726,68422277;40936,7126958;61596,4466939;68151,14551498;76353;83831;81913
"90";"06 - Segurança Pública";"União";2202,4480591;2405,12312622;2767,85574595;3018,05116718;3449,62213599;4755,38109484;5978,00807946;7991,29112525;9006,91515583;6950,53214439;7878,51535299;8270,90320992;8057,40445289;8116,44148555;8816,08556502;9751,64760265;11362;10234;12482
"91";"07 - Relações Exteriores";"União";1328,09274604;1164,07439472;1311,76717907;1528,53363496;1343,01969421;1413,15310804;1841,96267929;1548,80799613;1790,87236482;1797,21621946;2158,85968605;2134,21596384;2304,00002554;3016,30631555;2769,13084194;2847,87369787;3106;3199;3733
"92";"08 - Assistência Social";"União";6513,15112019;8416,35310074;13863,29500174;15806,08787354;21551,14029063;24708,95869429;28838,81664377;33335,54104295;39103,42194166;45563,6471403;56626,22837252;64629,1000604;70412,48796637;73214,73404996;79742,74457587;84700,45723915;88660;95956;423572
"93";"09 - Previdência Social";"União";123218,09068802;145477,54888427;165509,43946951;188505,52481994;212490,36479363;233879,7440695;258099,64545435;291079,25547705;325802,71517768;359255,68143163;399281,78994714;445279,22068707;494408,2936122;540303,7621332;594562,63089535;654798,65978;683313;726130;766236
"94";"10 - Saúde";"União";25434,63956364;27171,84804814;32972,88589047;36483,26739843;39736,22453982;44930,22542131;49211,43747094;58148,97346262;60618,82289082;70867,34243408;78587,16813551;83810,79689929;92515,93812319;100361,8499251;106486,64773912;115758,08849146;119050;124107;162890
"95";"11 - Trabalho";"União";8477,77062547;9494,83529325;10706,74002536;12716,91401349;16417,40350546;19596,79492831;22529,79180658;29300,85697682;31235,62939693;36225,37715774;42283,48227852;65924,50287994;71407,33918136;67095,40313457;72398,81943803;71481,11236092;72378;74289;77205
"96";"12 - Educação";"União";13222,74809649;14224,26957399;14532,92706291;16187,69534983;17336,2379352;21498,34086115;25068,8231553;36679,52652069;44061,6177767;52909,47414944;65364,01839256;75629,40013793;85425,31140275;90768,73857139;94545,79045247;97763,01723061;98041;101300;95008
"97";"13 - Cultura";"União";239,52722762;231,34279148;323,9205541;494,09817787;551,98879482;727,18118078;861,78714744;1119,57684403;1339,53001358;1360,52808238;1849,56204659;2349,20407711;1760,74258795;1789,9284958;1863,80542735;1828,64232027;1925;1751;1203
"98";"14 - Direitos da Cidadania";"União";411,26502818;394,44498232;550,34350622;828,65697903;954,33655379;911,44610926;1466,99774696;1569,164091;1765,77371877;1331,66022367;1256,18145522;1450,69884237;1402,31988033;1228,34504003;2323,79756465;1685,44006328;1523;2304;1367
"99";"15 - Urbanismo";"União";486,54971316;342,85254581;1192,70791938;2111,42144694;2117,73938768;4383,47582017;4298,33475808;4710,71590993;4801,23147793;4192,65057245;4634,77690182;4732,15995973;4098,55487201;4320,69828078;3776,09541002;6301,92452193;5327;7409;8355
"100";"16 - Habitação";"União";127,16862988;122,25525081;489,39956194;569,92691102;1166,9668836;600,20604101;1044,74640063;1010,90488134;175,45722269;508,05985407;565,27582951;206,7183662;47,58701833;68,60842949;38,16282694;51,3515542;19;22;77
"101";"17 - Saneamento";"União";97,14278004;58,68346965;76,54986853;88,2651764;56,17840246;1555,0518574;1781,44636321;3018,96146363;1745,33345115;1653,03204096;2653,72024676;2952,9445311;1691,31942286;1093,55133656;563,56155421;858,70055079;921;515;890
"102";"18 - Gestão Ambiental";"União";1264,8809523;947,74941695;1193,44308305;1992,00446612;1497,9231212;3145,94811478;3639,07944605;3697,45193649;3550,2999625;3574,14003376;5355,45330074;6411,66085835;6596,94352982;4629,00598617;5360,80966095;3983,58097399;4427;4574;4562
"103";"19 - Ciência e Tecnologia";"União";1506,71031442;1993,19640588;2607,08073818;3274,4623897;3703,45522363;4210,41661113;5069,93249541;6190,02053097;7325,38798619;6779,35508989;7594,46832391;10458,64931338;8034,58237506;8206,22057315;6975,0797002;6999,04123484;7124;6950;6930
"104";"20 - Agricultura";"União";5500,40586137;6505,71058063;7635,75182198;8327,65027553;9932,5677527;11152,29361777;9475,5453041;14722,85085293;14153,54730034;15201,23155857;15774,34169788;19730,58256642;18023,11294226;20691,27570002;25010,91440658;22224,94495766;21724;20905;19252
"105";"21 - Organização Agrária";"União";1380,60730739;1429,51726128;2617,62686073;3583,19544984;4189,31485134;4781,43210777;4444,01210629;4844,68607993;4184,23328747;4151,01943793;5745,31489896;7467,33050711;4193,07110898;2985,25722969;2888,26539476;2648,84689693;2594;1861;1900
"106";"22 - Indústria";"União";417,50835018;439,3310152;1548,51910743;1494,75548444;2018,55861421;2758,16530192;2221,77959131;1601,64475803;1706,6318656;1717,95031917;2022,21003565;2075,64431389;2108,6455421;2032,85714654;2156,68181207;2077,72269871;2032;1729;1556
"107";"23 - Comércio e Serviços";"União";1830,52702286;2066,54157051;2084,42901228;2843,56807574;2789,8029121;2873,35836591;3370,75466201;4035,52237101;3836,93166993;3700,20310336;3954,03071661;4986,55054826;4739,07835603;4170,04997466;3079,80705893;2777,33693371;4608;2765;7777
"108";"24 - Comunicações";"União";566,38034771;641,49486586;496,44454832;481,222355;457,13073112;880,79639024;495,78221034;534,28874932;917,03148449;787,62126366;1039,78251235;1329,16249469;1397,88915177;1305,72125684;1278,97214537;1121,56546067;1220;1271;1700
"109";"25 - Energia";"União";7819,22372892;3905,49285562;396,0519329;470,95435327;427,60672068;517,83998758;499,95727078;809,96594982;627,3116517;569,70500319;732,94460204;925,78102177;1056,79967895;1771,67054005;1790,16235483;1805,17102585;1893;2578;1425
"110";"26 - Transporte";"União";5142,47061637;3048,09691122;3651,5482181;6722,94593893;6907,41300755;12160,21017652;13024,18121178;16505,39996484;20478,12180459;19016,26356799;22219,78907365;20689,00149524;20881,55248302;16557,6067239;13963,95626985;15018,41543468;14874;11958;11516
"111";"27 - Desporto e Lazer";"União";264,67671363;159,85149318;271,41913642;423,069816;735,89378949;1412,56146882;961,21652367;982,22041707;1032,06761218;1148,66875472;1253,12890626;2312,18808547;2409,80415814;2038,94690073;1407,91569111;1288,53666088;1237;749;597
"112";"28 - Encargos Especiais";"União";434925,85644437;614092,50330214;602675,2498782;757518,45556033;778521,43951541;756803,77419828;742245,3974328;819086,14667869;830738,03727801;940727,05151135;1002966,83850275;976250,40710618;1271295,77648661;1274182,3019798;1459970,04551418;1295884,07814515;1417220;1450123;1918082
